,0,1,2,3,4,5,6,7,8,9,10,11,12,13,14,15,16,17,18,19,20,21,22,23,24,25,26,27,28,29,30,31,32,33,34,35,36,37,38,39,40,41,42,43,44,45,46,47,48,49,50,51,52
0,47.199999999999974,47.199999999999974,47.199999999999974,47.199999999999974,47.199999999999974,47.199999999999974,47.199999999999974,47.199999999999974,47.199999999999974,47.199999999999974,47.199999999999974,47.199999999999974,47.199999999999974,47.199999999999974,47.199999999999974,47.199999999999974,47.199999999999974,47.199999999999974,47.199999999999974,47.199999999999974,47.199999999999974,47.199999999999974,47.199999999999974,47.199999999999974,47.199999999999974,47.199999999999974,47.199999999999974,47.199999999999974,47.199999999999974,47.199999999999974,47.199999999999974,47.199999999999974,47.199999999999974,47.199999999999974,47.199999999999974,47.199999999999974,47.199999999999974,47.199999999999974,47.199999999999974,47.199999999999974,47.199999999999974,47.199999999999974,47.199999999999974,47.199999999999974,47.199999999999974,47.199999999999974,47.199999999999974,47.199999999999974,47.199999999999974,47.199999999999974,47.199999999999974,47.199999999999974,47.199999999999974
1,47.09999999999997,47.09999999999997,47.09999999999997,47.09999999999997,47.09999999999997,47.09999999999997,47.09999999999997,47.09999999999997,47.09999999999997,47.09999999999997,47.09999999999997,47.09999999999997,47.09999999999997,47.09999999999997,47.09999999999997,47.09999999999997,47.09999999999997,47.09999999999997,47.09999999999997,47.09999999999997,47.09999999999997,47.09999999999997,47.09999999999997,47.09999999999997,47.09999999999997,47.09999999999997,47.09999999999997,47.09999999999997,47.09999999999997,47.09999999999997,47.09999999999997,47.09999999999997,47.09999999999997,47.09999999999997,47.09999999999997,47.09999999999997,47.09999999999997,47.09999999999997,47.09999999999997,47.09999999999997,47.09999999999997,47.09999999999997,47.09999999999997,47.09999999999997,47.09999999999997,47.09999999999997,47.09999999999997,47.09999999999997,47.09999999999997,47.09999999999997,47.09999999999997,47.09999999999997,47.09999999999997
2,46.99999999999997,46.99999999999997,46.99999999999997,46.99999999999997,46.99999999999997,46.99999999999997,46.99999999999997,46.99999999999997,46.99999999999997,46.99999999999997,46.99999999999997,46.99999999999997,46.99999999999997,46.99999999999997,46.99999999999997,46.99999999999997,46.99999999999997,46.99999999999997,46.99999999999997,46.99999999999997,46.99999999999997,46.99999999999997,46.99999999999997,46.99999999999997,46.99999999999997,46.99999999999997,46.99999999999997,46.99999999999997,46.99999999999997,46.99999999999997,46.99999999999997,46.99999999999997,46.99999999999997,46.99999999999997,46.99999999999997,46.99999999999997,46.99999999999997,46.99999999999997,46.99999999999997,46.99999999999997,46.99999999999997,46.99999999999997,46.99999999999997,46.99999999999997,46.99999999999997,46.99999999999997,46.99999999999997,46.99999999999997,46.99999999999997,46.99999999999997,46.99999999999997,46.99999999999997,46.99999999999997
3,46.89999999999997,46.89999999999997,46.89999999999997,46.89999999999997,46.89999999999997,46.89999999999997,46.89999999999997,46.89999999999997,46.89999999999997,46.89999999999997,46.89999999999997,46.89999999999997,46.89999999999997,46.89999999999997,46.89999999999997,46.89999999999997,46.89999999999997,46.89999999999997,46.89999999999997,46.89999999999997,46.89999999999997,46.89999999999997,46.89999999999997,46.89999999999997,46.89999999999997,46.89999999999997,46.89999999999997,46.89999999999997,46.89999999999997,46.89999999999997,46.89999999999997,46.89999999999997,46.89999999999997,46.89999999999997,46.89999999999997,46.89999999999997,46.89999999999997,46.89999999999997,46.89999999999997,46.89999999999997,46.89999999999997,46.89999999999997,46.89999999999997,46.89999999999997,46.89999999999997,46.89999999999997,46.89999999999997,46.89999999999997,46.89999999999997,46.89999999999997,46.89999999999997,46.89999999999997,46.89999999999997
4,46.79999999999997,46.79999999999997,46.79999999999997,46.79999999999997,46.79999999999997,46.79999999999997,46.79999999999997,46.79999999999997,46.79999999999997,46.79999999999997,46.79999999999997,46.79999999999997,46.79999999999997,46.79999999999997,46.79999999999997,46.79999999999997,46.79999999999997,46.79999999999997,46.79999999999997,46.79999999999997,46.79999999999997,46.79999999999997,46.79999999999997,46.79999999999997,46.79999999999997,46.79999999999997,46.79999999999997,46.79999999999997,46.79999999999997,46.79999999999997,46.79999999999997,46.79999999999997,46.79999999999997,46.79999999999997,46.79999999999997,46.79999999999997,46.79999999999997,46.79999999999997,46.79999999999997,46.79999999999997,46.79999999999997,46.79999999999997,46.79999999999997,46.79999999999997,46.79999999999997,46.79999999999997,46.79999999999997,46.79999999999997,46.79999999999997,46.79999999999997,46.79999999999997,46.79999999999997,46.79999999999997
5,46.69999999999997,46.69999999999997,46.69999999999997,46.69999999999997,46.69999999999997,46.69999999999997,46.69999999999997,46.69999999999997,46.69999999999997,46.69999999999997,46.69999999999997,46.69999999999997,46.69999999999997,46.69999999999997,46.69999999999997,46.69999999999997,46.69999999999997,46.69999999999997,46.69999999999997,46.69999999999997,46.69999999999997,46.69999999999997,46.69999999999997,46.69999999999997,46.69999999999997,46.69999999999997,46.69999999999997,46.69999999999997,46.69999999999997,46.69999999999997,46.69999999999997,46.69999999999997,46.69999999999997,46.69999999999997,46.69999999999997,46.69999999999997,46.69999999999997,46.69999999999997,46.69999999999997,46.69999999999997,46.69999999999997,46.69999999999997,46.69999999999997,46.69999999999997,46.69999999999997,46.69999999999997,46.69999999999997,46.69999999999997,46.69999999999997,46.69999999999997,46.69999999999997,46.69999999999997,46.69999999999997
6,46.599999999999966,46.599999999999966,46.599999999999966,46.599999999999966,46.599999999999966,46.599999999999966,46.599999999999966,46.599999999999966,46.599999999999966,46.599999999999966,46.599999999999966,46.599999999999966,46.599999999999966,46.599999999999966,46.599999999999966,46.599999999999966,46.599999999999966,46.599999999999966,46.599999999999966,46.599999999999966,46.599999999999966,46.599999999999966,46.599999999999966,46.599999999999966,46.599999999999966,46.599999999999966,46.599999999999966,46.599999999999966,46.599999999999966,46.599999999999966,46.599999999999966,46.599999999999966,46.599999999999966,46.599999999999966,46.599999999999966,46.599999999999966,46.599999999999966,46.599999999999966,46.599999999999966,46.599999999999966,46.599999999999966,46.599999999999966,46.599999999999966,46.599999999999966,46.599999999999966,46.599999999999966,46.599999999999966,46.599999999999966,46.599999999999966,46.599999999999966,46.599999999999966,46.599999999999966,46.599999999999966
7,46.499999999999964,46.499999999999964,46.499999999999964,46.499999999999964,46.499999999999964,46.499999999999964,46.499999999999964,46.499999999999964,46.499999999999964,46.499999999999964,46.499999999999964,46.499999999999964,46.499999999999964,46.499999999999964,46.499999999999964,46.499999999999964,46.499999999999964,46.499999999999964,46.499999999999964,46.499999999999964,46.499999999999964,46.499999999999964,46.499999999999964,46.499999999999964,46.499999999999964,46.499999999999964,46.499999999999964,46.499999999999964,46.499999999999964,46.499999999999964,46.499999999999964,46.499999999999964,46.499999999999964,46.499999999999964,46.499999999999964,46.499999999999964,46.499999999999964,46.499999999999964,46.499999999999964,46.499999999999964,46.499999999999964,46.499999999999964,46.499999999999964,46.499999999999964,46.499999999999964,46.499999999999964,46.499999999999964,46.499999999999964,46.499999999999964,46.499999999999964,46.499999999999964,46.499999999999964,46.499999999999964
8,46.39999999999996,46.39999999999996,46.39999999999996,46.39999999999996,46.39999999999996,46.39999999999996,46.39999999999996,46.39999999999996,46.39999999999996,46.39999999999996,46.39999999999996,46.39999999999996,46.39999999999996,46.39999999999996,46.39999999999996,46.39999999999996,46.39999999999996,46.39999999999996,46.39999999999996,46.39999999999996,46.39999999999996,46.39999999999996,46.39999999999996,46.39999999999996,46.39999999999996,46.39999999999996,46.39999999999996,46.39999999999996,46.39999999999996,46.39999999999996,46.39999999999996,46.39999999999996,46.39999999999996,46.39999999999996,46.39999999999996,46.39999999999996,46.39999999999996,46.39999999999996,46.39999999999996,46.39999999999996,46.39999999999996,46.39999999999996,46.39999999999996,46.39999999999996,46.39999999999996,46.39999999999996,46.39999999999996,46.39999999999996,46.39999999999996,46.39999999999996,46.39999999999996,46.39999999999996,46.39999999999996
9,46.29999999999996,46.29999999999996,46.29999999999996,46.29999999999996,46.29999999999996,46.29999999999996,46.29999999999996,46.29999999999996,46.29999999999996,46.29999999999996,46.29999999999996,46.29999999999996,46.29999999999996,46.29999999999996,46.29999999999996,46.29999999999996,46.29999999999996,46.29999999999996,46.29999999999996,46.29999999999996,46.29999999999996,46.29999999999996,46.29999999999996,46.29999999999996,46.29999999999996,46.29999999999996,46.29999999999996,46.29999999999996,46.29999999999996,46.29999999999996,46.29999999999996,46.29999999999996,46.29999999999996,46.29999999999996,46.29999999999996,46.29999999999996,46.29999999999996,46.29999999999996,46.29999999999996,46.29999999999996,46.29999999999996,46.29999999999996,46.29999999999996,46.29999999999996,46.29999999999996,46.29999999999996,46.29999999999996,46.29999999999996,46.29999999999996,46.29999999999996,46.29999999999996,46.29999999999996,46.29999999999996
10,46.19999999999996,46.19999999999996,46.19999999999996,46.19999999999996,46.19999999999996,46.19999999999996,46.19999999999996,46.19999999999996,46.19999999999996,46.19999999999996,46.19999999999996,46.19999999999996,46.19999999999996,46.19999999999996,46.19999999999996,46.19999999999996,46.19999999999996,46.19999999999996,46.19999999999996,46.19999999999996,46.19999999999996,46.19999999999996,46.19999999999996,46.19999999999996,46.19999999999996,46.19999999999996,46.19999999999996,46.19999999999996,46.19999999999996,46.19999999999996,46.19999999999996,46.19999999999996,46.19999999999996,46.19999999999996,46.19999999999996,46.19999999999996,46.19999999999996,46.19999999999996,46.19999999999996,46.19999999999996,46.19999999999996,46.19999999999996,46.19999999999996,46.19999999999996,46.19999999999996,46.19999999999996,46.19999999999996,46.19999999999996,46.19999999999996,46.19999999999996,46.19999999999996,46.19999999999996,46.19999999999996
11,46.09999999999996,46.09999999999996,46.09999999999996,46.09999999999996,46.09999999999996,46.09999999999996,46.09999999999996,46.09999999999996,46.09999999999996,46.09999999999996,46.09999999999996,46.09999999999996,46.09999999999996,46.09999999999996,46.09999999999996,46.09999999999996,46.09999999999996,46.09999999999996,46.09999999999996,46.09999999999996,46.09999999999996,46.09999999999996,46.09999999999996,46.09999999999996,46.09999999999996,46.09999999999996,46.09999999999996,46.09999999999996,46.09999999999996,46.09999999999996,46.09999999999996,46.09999999999996,46.09999999999996,46.09999999999996,46.09999999999996,46.09999999999996,46.09999999999996,46.09999999999996,46.09999999999996,46.09999999999996,46.09999999999996,46.09999999999996,46.09999999999996,46.09999999999996,46.09999999999996,46.09999999999996,46.09999999999996,46.09999999999996,46.09999999999996,46.09999999999996,46.09999999999996,46.09999999999996,46.09999999999996
12,45.99999999999996,45.99999999999996,45.99999999999996,45.99999999999996,45.99999999999996,45.99999999999996,45.99999999999996,45.99999999999996,45.99999999999996,45.99999999999996,45.99999999999996,45.99999999999996,45.99999999999996,45.99999999999996,45.99999999999996,45.99999999999996,45.99999999999996,45.99999999999996,45.99999999999996,45.99999999999996,45.99999999999996,45.99999999999996,45.99999999999996,45.99999999999996,45.99999999999996,45.99999999999996,45.99999999999996,45.99999999999996,45.99999999999996,45.99999999999996,45.99999999999996,45.99999999999996,45.99999999999996,45.99999999999996,45.99999999999996,45.99999999999996,45.99999999999996,45.99999999999996,45.99999999999996,45.99999999999996,45.99999999999996,45.99999999999996,45.99999999999996,45.99999999999996,45.99999999999996,45.99999999999996,45.99999999999996,45.99999999999996,45.99999999999996,45.99999999999996,45.99999999999996,45.99999999999996,45.99999999999996
13,45.899999999999956,45.899999999999956,45.899999999999956,45.899999999999956,45.899999999999956,45.899999999999956,45.899999999999956,45.899999999999956,45.899999999999956,45.899999999999956,45.899999999999956,45.899999999999956,45.899999999999956,45.899999999999956,45.899999999999956,45.899999999999956,45.899999999999956,45.899999999999956,45.899999999999956,45.899999999999956,45.899999999999956,45.899999999999956,45.899999999999956,45.899999999999956,45.899999999999956,45.899999999999956,45.899999999999956,45.899999999999956,45.899999999999956,45.899999999999956,45.899999999999956,45.899999999999956,45.899999999999956,45.899999999999956,45.899999999999956,45.899999999999956,45.899999999999956,45.899999999999956,45.899999999999956,45.899999999999956,45.899999999999956,45.899999999999956,45.899999999999956,45.899999999999956,45.899999999999956,45.899999999999956,45.899999999999956,45.899999999999956,45.899999999999956,45.899999999999956,45.899999999999956,45.899999999999956,45.899999999999956
14,45.799999999999955,45.799999999999955,45.799999999999955,45.799999999999955,45.799999999999955,45.799999999999955,45.799999999999955,45.799999999999955,45.799999999999955,45.799999999999955,45.799999999999955,45.799999999999955,45.799999999999955,45.799999999999955,45.799999999999955,45.799999999999955,45.799999999999955,45.799999999999955,45.799999999999955,45.799999999999955,45.799999999999955,45.799999999999955,45.799999999999955,45.799999999999955,45.799999999999955,45.799999999999955,45.799999999999955,45.799999999999955,45.799999999999955,45.799999999999955,45.799999999999955,45.799999999999955,45.799999999999955,45.799999999999955,45.799999999999955,45.799999999999955,45.799999999999955,45.799999999999955,45.799999999999955,45.799999999999955,45.799999999999955,45.799999999999955,45.799999999999955,45.799999999999955,45.799999999999955,45.799999999999955,45.799999999999955,45.799999999999955,45.799999999999955,45.799999999999955,45.799999999999955,45.799999999999955,45.799999999999955
15,45.69999999999995,45.69999999999995,45.69999999999995,45.69999999999995,45.69999999999995,45.69999999999995,45.69999999999995,45.69999999999995,45.69999999999995,45.69999999999995,45.69999999999995,45.69999999999995,45.69999999999995,45.69999999999995,45.69999999999995,45.69999999999995,45.69999999999995,45.69999999999995,45.69999999999995,45.69999999999995,45.69999999999995,45.69999999999995,45.69999999999995,45.69999999999995,45.69999999999995,45.69999999999995,45.69999999999995,45.69999999999995,45.69999999999995,45.69999999999995,45.69999999999995,45.69999999999995,45.69999999999995,45.69999999999995,45.69999999999995,45.69999999999995,45.69999999999995,45.69999999999995,45.69999999999995,45.69999999999995,45.69999999999995,45.69999999999995,45.69999999999995,45.69999999999995,45.69999999999995,45.69999999999995,45.69999999999995,45.69999999999995,45.69999999999995,45.69999999999995,45.69999999999995,45.69999999999995,45.69999999999995
16,45.59999999999995,45.59999999999995,45.59999999999995,45.59999999999995,45.59999999999995,45.59999999999995,45.59999999999995,45.59999999999995,45.59999999999995,45.59999999999995,45.59999999999995,45.59999999999995,45.59999999999995,45.59999999999995,45.59999999999995,45.59999999999995,45.59999999999995,45.59999999999995,45.59999999999995,45.59999999999995,45.59999999999995,45.59999999999995,45.59999999999995,45.59999999999995,45.59999999999995,45.59999999999995,45.59999999999995,45.59999999999995,45.59999999999995,45.59999999999995,45.59999999999995,45.59999999999995,45.59999999999995,45.59999999999995,45.59999999999995,45.59999999999995,45.59999999999995,45.59999999999995,45.59999999999995,45.59999999999995,45.59999999999995,45.59999999999995,45.59999999999995,45.59999999999995,45.59999999999995,45.59999999999995,45.59999999999995,45.59999999999995,45.59999999999995,45.59999999999995,45.59999999999995,45.59999999999995,45.59999999999995
17,45.49999999999995,45.49999999999995,45.49999999999995,45.49999999999995,45.49999999999995,45.49999999999995,45.49999999999995,45.49999999999995,45.49999999999995,45.49999999999995,45.49999999999995,45.49999999999995,45.49999999999995,45.49999999999995,45.49999999999995,45.49999999999995,45.49999999999995,45.49999999999995,45.49999999999995,45.49999999999995,45.49999999999995,45.49999999999995,45.49999999999995,45.49999999999995,45.49999999999995,45.49999999999995,45.49999999999995,45.49999999999995,45.49999999999995,45.49999999999995,45.49999999999995,45.49999999999995,45.49999999999995,45.49999999999995,45.49999999999995,45.49999999999995,45.49999999999995,45.49999999999995,45.49999999999995,45.49999999999995,45.49999999999995,45.49999999999995,45.49999999999995,45.49999999999995,45.49999999999995,45.49999999999995,45.49999999999995,45.49999999999995,45.49999999999995,45.49999999999995,45.49999999999995,45.49999999999995,45.49999999999995
18,45.39999999999995,45.39999999999995,45.39999999999995,45.39999999999995,45.39999999999995,45.39999999999995,45.39999999999995,45.39999999999995,45.39999999999995,45.39999999999995,45.39999999999995,45.39999999999995,45.39999999999995,45.39999999999995,45.39999999999995,45.39999999999995,45.39999999999995,45.39999999999995,45.39999999999995,45.39999999999995,45.39999999999995,45.39999999999995,45.39999999999995,45.39999999999995,45.39999999999995,45.39999999999995,45.39999999999995,45.39999999999995,45.39999999999995,45.39999999999995,45.39999999999995,45.39999999999995,45.39999999999995,45.39999999999995,45.39999999999995,45.39999999999995,45.39999999999995,45.39999999999995,45.39999999999995,45.39999999999995,45.39999999999995,45.39999999999995,45.39999999999995,45.39999999999995,45.39999999999995,45.39999999999995,45.39999999999995,45.39999999999995,45.39999999999995,45.39999999999995,45.39999999999995,45.39999999999995,45.39999999999995
19,45.29999999999995,45.29999999999995,45.29999999999995,45.29999999999995,45.29999999999995,45.29999999999995,45.29999999999995,45.29999999999995,45.29999999999995,45.29999999999995,45.29999999999995,45.29999999999995,45.29999999999995,45.29999999999995,45.29999999999995,45.29999999999995,45.29999999999995,45.29999999999995,45.29999999999995,45.29999999999995,45.29999999999995,45.29999999999995,45.29999999999995,45.29999999999995,45.29999999999995,45.29999999999995,45.29999999999995,45.29999999999995,45.29999999999995,45.29999999999995,45.29999999999995,45.29999999999995,45.29999999999995,45.29999999999995,45.29999999999995,45.29999999999995,45.29999999999995,45.29999999999995,45.29999999999995,45.29999999999995,45.29999999999995,45.29999999999995,45.29999999999995,45.29999999999995,45.29999999999995,45.29999999999995,45.29999999999995,45.29999999999995,45.29999999999995,45.29999999999995,45.29999999999995,45.29999999999995,45.29999999999995
20,45.199999999999946,45.199999999999946,45.199999999999946,45.199999999999946,45.199999999999946,45.199999999999946,45.199999999999946,45.199999999999946,45.199999999999946,45.199999999999946,45.199999999999946,45.199999999999946,45.199999999999946,45.199999999999946,45.199999999999946,45.199999999999946,45.199999999999946,45.199999999999946,45.199999999999946,45.199999999999946,45.199999999999946,45.199999999999946,45.199999999999946,45.199999999999946,45.199999999999946,45.199999999999946,45.199999999999946,45.199999999999946,45.199999999999946,45.199999999999946,45.199999999999946,45.199999999999946,45.199999999999946,45.199999999999946,45.199999999999946,45.199999999999946,45.199999999999946,45.199999999999946,45.199999999999946,45.199999999999946,45.199999999999946,45.199999999999946,45.199999999999946,45.199999999999946,45.199999999999946,45.199999999999946,45.199999999999946,45.199999999999946,45.199999999999946,45.199999999999946,45.199999999999946,45.199999999999946,45.199999999999946
21,45.099999999999945,45.099999999999945,45.099999999999945,45.099999999999945,45.099999999999945,45.099999999999945,45.099999999999945,45.099999999999945,45.099999999999945,45.099999999999945,45.099999999999945,45.099999999999945,45.099999999999945,45.099999999999945,45.099999999999945,45.099999999999945,45.099999999999945,45.099999999999945,45.099999999999945,45.099999999999945,45.099999999999945,45.099999999999945,45.099999999999945,45.099999999999945,45.099999999999945,45.099999999999945,45.099999999999945,45.099999999999945,45.099999999999945,45.099999999999945,45.099999999999945,45.099999999999945,45.099999999999945,45.099999999999945,45.099999999999945,45.099999999999945,45.099999999999945,45.099999999999945,45.099999999999945,45.099999999999945,45.099999999999945,45.099999999999945,45.099999999999945,45.099999999999945,45.099999999999945,45.099999999999945,45.099999999999945,45.099999999999945,45.099999999999945,45.099999999999945,45.099999999999945,45.099999999999945,45.099999999999945
22,44.99999999999994,44.99999999999994,44.99999999999994,44.99999999999994,44.99999999999994,44.99999999999994,44.99999999999994,44.99999999999994,44.99999999999994,44.99999999999994,44.99999999999994,44.99999999999994,44.99999999999994,44.99999999999994,44.99999999999994,44.99999999999994,44.99999999999994,44.99999999999994,44.99999999999994,44.99999999999994,44.99999999999994,44.99999999999994,44.99999999999994,44.99999999999994,44.99999999999994,44.99999999999994,44.99999999999994,44.99999999999994,44.99999999999994,44.99999999999994,44.99999999999994,44.99999999999994,44.99999999999994,44.99999999999994,44.99999999999994,44.99999999999994,44.99999999999994,44.99999999999994,44.99999999999994,44.99999999999994,44.99999999999994,44.99999999999994,44.99999999999994,44.99999999999994,44.99999999999994,44.99999999999994,44.99999999999994,44.99999999999994,44.99999999999994,44.99999999999994,44.99999999999994,44.99999999999994,44.99999999999994
23,44.89999999999994,44.89999999999994,44.89999999999994,44.89999999999994,44.89999999999994,44.89999999999994,44.89999999999994,44.89999999999994,44.89999999999994,44.89999999999994,44.89999999999994,44.89999999999994,44.89999999999994,44.89999999999994,44.89999999999994,44.89999999999994,44.89999999999994,44.89999999999994,44.89999999999994,44.89999999999994,44.89999999999994,44.89999999999994,44.89999999999994,44.89999999999994,44.89999999999994,44.89999999999994,44.89999999999994,44.89999999999994,44.89999999999994,44.89999999999994,44.89999999999994,44.89999999999994,44.89999999999994,44.89999999999994,44.89999999999994,44.89999999999994,44.89999999999994,44.89999999999994,44.89999999999994,44.89999999999994,44.89999999999994,44.89999999999994,44.89999999999994,44.89999999999994,44.89999999999994,44.89999999999994,44.89999999999994,44.89999999999994,44.89999999999994,44.89999999999994,44.89999999999994,44.89999999999994,44.89999999999994
24,44.79999999999994,44.79999999999994,44.79999999999994,44.79999999999994,44.79999999999994,44.79999999999994,44.79999999999994,44.79999999999994,44.79999999999994,44.79999999999994,44.79999999999994,44.79999999999994,44.79999999999994,44.79999999999994,44.79999999999994,44.79999999999994,44.79999999999994,44.79999999999994,44.79999999999994,44.79999999999994,44.79999999999994,44.79999999999994,44.79999999999994,44.79999999999994,44.79999999999994,44.79999999999994,44.79999999999994,44.79999999999994,44.79999999999994,44.79999999999994,44.79999999999994,44.79999999999994,44.79999999999994,44.79999999999994,44.79999999999994,44.79999999999994,44.79999999999994,44.79999999999994,44.79999999999994,44.79999999999994,44.79999999999994,44.79999999999994,44.79999999999994,44.79999999999994,44.79999999999994,44.79999999999994,44.79999999999994,44.79999999999994,44.79999999999994,44.79999999999994,44.79999999999994,44.79999999999994,44.79999999999994
25,44.69999999999994,44.69999999999994,44.69999999999994,44.69999999999994,44.69999999999994,44.69999999999994,44.69999999999994,44.69999999999994,44.69999999999994,44.69999999999994,44.69999999999994,44.69999999999994,44.69999999999994,44.69999999999994,44.69999999999994,44.69999999999994,44.69999999999994,44.69999999999994,44.69999999999994,44.69999999999994,44.69999999999994,44.69999999999994,44.69999999999994,44.69999999999994,44.69999999999994,44.69999999999994,44.69999999999994,44.69999999999994,44.69999999999994,44.69999999999994,44.69999999999994,44.69999999999994,44.69999999999994,44.69999999999994,44.69999999999994,44.69999999999994,44.69999999999994,44.69999999999994,44.69999999999994,44.69999999999994,44.69999999999994,44.69999999999994,44.69999999999994,44.69999999999994,44.69999999999994,44.69999999999994,44.69999999999994,44.69999999999994,44.69999999999994,44.69999999999994,44.69999999999994,44.69999999999994,44.69999999999994
26,44.59999999999994,44.59999999999994,44.59999999999994,44.59999999999994,44.59999999999994,44.59999999999994,44.59999999999994,44.59999999999994,44.59999999999994,44.59999999999994,44.59999999999994,44.59999999999994,44.59999999999994,44.59999999999994,44.59999999999994,44.59999999999994,44.59999999999994,44.59999999999994,44.59999999999994,44.59999999999994,44.59999999999994,44.59999999999994,44.59999999999994,44.59999999999994,44.59999999999994,44.59999999999994,44.59999999999994,44.59999999999994,44.59999999999994,44.59999999999994,44.59999999999994,44.59999999999994,44.59999999999994,44.59999999999994,44.59999999999994,44.59999999999994,44.59999999999994,44.59999999999994,44.59999999999994,44.59999999999994,44.59999999999994,44.59999999999994,44.59999999999994,44.59999999999994,44.59999999999994,44.59999999999994,44.59999999999994,44.59999999999994,44.59999999999994,44.59999999999994,44.59999999999994,44.59999999999994,44.59999999999994
27,44.499999999999936,44.499999999999936,44.499999999999936,44.499999999999936,44.499999999999936,44.499999999999936,44.499999999999936,44.499999999999936,44.499999999999936,44.499999999999936,44.499999999999936,44.499999999999936,44.499999999999936,44.499999999999936,44.499999999999936,44.499999999999936,44.499999999999936,44.499999999999936,44.499999999999936,44.499999999999936,44.499999999999936,44.499999999999936,44.499999999999936,44.499999999999936,44.499999999999936,44.499999999999936,44.499999999999936,44.499999999999936,44.499999999999936,44.499999999999936,44.499999999999936,44.499999999999936,44.499999999999936,44.499999999999936,44.499999999999936,44.499999999999936,44.499999999999936,44.499999999999936,44.499999999999936,44.499999999999936,44.499999999999936,44.499999999999936,44.499999999999936,44.499999999999936,44.499999999999936,44.499999999999936,44.499999999999936,44.499999999999936,44.499999999999936,44.499999999999936,44.499999999999936,44.499999999999936,44.499999999999936
28,44.399999999999935,44.399999999999935,44.399999999999935,44.399999999999935,44.399999999999935,44.399999999999935,44.399999999999935,44.399999999999935,44.399999999999935,44.399999999999935,44.399999999999935,44.399999999999935,44.399999999999935,44.399999999999935,44.399999999999935,44.399999999999935,44.399999999999935,44.399999999999935,44.399999999999935,44.399999999999935,44.399999999999935,44.399999999999935,44.399999999999935,44.399999999999935,44.399999999999935,44.399999999999935,44.399999999999935,44.399999999999935,44.399999999999935,44.399999999999935,44.399999999999935,44.399999999999935,44.399999999999935,44.399999999999935,44.399999999999935,44.399999999999935,44.399999999999935,44.399999999999935,44.399999999999935,44.399999999999935,44.399999999999935,44.399999999999935,44.399999999999935,44.399999999999935,44.399999999999935,44.399999999999935,44.399999999999935,44.399999999999935,44.399999999999935,44.399999999999935,44.399999999999935,44.399999999999935,44.399999999999935
29,44.29999999999993,44.29999999999993,44.29999999999993,44.29999999999993,44.29999999999993,44.29999999999993,44.29999999999993,44.29999999999993,44.29999999999993,44.29999999999993,44.29999999999993,44.29999999999993,44.29999999999993,44.29999999999993,44.29999999999993,44.29999999999993,44.29999999999993,44.29999999999993,44.29999999999993,44.29999999999993,44.29999999999993,44.29999999999993,44.29999999999993,44.29999999999993,44.29999999999993,44.29999999999993,44.29999999999993,44.29999999999993,44.29999999999993,44.29999999999993,44.29999999999993,44.29999999999993,44.29999999999993,44.29999999999993,44.29999999999993,44.29999999999993,44.29999999999993,44.29999999999993,44.29999999999993,44.29999999999993,44.29999999999993,44.29999999999993,44.29999999999993,44.29999999999993,44.29999999999993,44.29999999999993,44.29999999999993,44.29999999999993,44.29999999999993,44.29999999999993,44.29999999999993,44.29999999999993,44.29999999999993
30,44.19999999999993,44.19999999999993,44.19999999999993,44.19999999999993,44.19999999999993,44.19999999999993,44.19999999999993,44.19999999999993,44.19999999999993,44.19999999999993,44.19999999999993,44.19999999999993,44.19999999999993,44.19999999999993,44.19999999999993,44.19999999999993,44.19999999999993,44.19999999999993,44.19999999999993,44.19999999999993,44.19999999999993,44.19999999999993,44.19999999999993,44.19999999999993,44.19999999999993,44.19999999999993,44.19999999999993,44.19999999999993,44.19999999999993,44.19999999999993,44.19999999999993,44.19999999999993,44.19999999999993,44.19999999999993,44.19999999999993,44.19999999999993,44.19999999999993,44.19999999999993,44.19999999999993,44.19999999999993,44.19999999999993,44.19999999999993,44.19999999999993,44.19999999999993,44.19999999999993,44.19999999999993,44.19999999999993,44.19999999999993,44.19999999999993,44.19999999999993,44.19999999999993,44.19999999999993,44.19999999999993
31,44.09999999999993,44.09999999999993,44.09999999999993,44.09999999999993,44.09999999999993,44.09999999999993,44.09999999999993,44.09999999999993,44.09999999999993,44.09999999999993,44.09999999999993,44.09999999999993,44.09999999999993,44.09999999999993,44.09999999999993,44.09999999999993,44.09999999999993,44.09999999999993,44.09999999999993,44.09999999999993,44.09999999999993,44.09999999999993,44.09999999999993,44.09999999999993,44.09999999999993,44.09999999999993,44.09999999999993,44.09999999999993,44.09999999999993,44.09999999999993,44.09999999999993,44.09999999999993,44.09999999999993,44.09999999999993,44.09999999999993,44.09999999999993,44.09999999999993,44.09999999999993,44.09999999999993,44.09999999999993,44.09999999999993,44.09999999999993,44.09999999999993,44.09999999999993,44.09999999999993,44.09999999999993,44.09999999999993,44.09999999999993,44.09999999999993,44.09999999999993,44.09999999999993,44.09999999999993,44.09999999999993
32,43.99999999999993,43.99999999999993,43.99999999999993,43.99999999999993,43.99999999999993,43.99999999999993,43.99999999999993,43.99999999999993,43.99999999999993,43.99999999999993,43.99999999999993,43.99999999999993,43.99999999999993,43.99999999999993,43.99999999999993,43.99999999999993,43.99999999999993,43.99999999999993,43.99999999999993,43.99999999999993,43.99999999999993,43.99999999999993,43.99999999999993,43.99999999999993,43.99999999999993,43.99999999999993,43.99999999999993,43.99999999999993,43.99999999999993,43.99999999999993,43.99999999999993,43.99999999999993,43.99999999999993,43.99999999999993,43.99999999999993,43.99999999999993,43.99999999999993,43.99999999999993,43.99999999999993,43.99999999999993,43.99999999999993,43.99999999999993,43.99999999999993,43.99999999999993,43.99999999999993,43.99999999999993,43.99999999999993,43.99999999999993,43.99999999999993,43.99999999999993,43.99999999999993,43.99999999999993,43.99999999999993
33,43.89999999999993,43.89999999999993,43.89999999999993,43.89999999999993,43.89999999999993,43.89999999999993,43.89999999999993,43.89999999999993,43.89999999999993,43.89999999999993,43.89999999999993,43.89999999999993,43.89999999999993,43.89999999999993,43.89999999999993,43.89999999999993,43.89999999999993,43.89999999999993,43.89999999999993,43.89999999999993,43.89999999999993,43.89999999999993,43.89999999999993,43.89999999999993,43.89999999999993,43.89999999999993,43.89999999999993,43.89999999999993,43.89999999999993,43.89999999999993,43.89999999999993,43.89999999999993,43.89999999999993,43.89999999999993,43.89999999999993,43.89999999999993,43.89999999999993,43.89999999999993,43.89999999999993,43.89999999999993,43.89999999999993,43.89999999999993,43.89999999999993,43.89999999999993,43.89999999999993,43.89999999999993,43.89999999999993,43.89999999999993,43.89999999999993,43.89999999999993,43.89999999999993,43.89999999999993,43.89999999999993
34,43.799999999999926,43.799999999999926,43.799999999999926,43.799999999999926,43.799999999999926,43.799999999999926,43.799999999999926,43.799999999999926,43.799999999999926,43.799999999999926,43.799999999999926,43.799999999999926,43.799999999999926,43.799999999999926,43.799999999999926,43.799999999999926,43.799999999999926,43.799999999999926,43.799999999999926,43.799999999999926,43.799999999999926,43.799999999999926,43.799999999999926,43.799999999999926,43.799999999999926,43.799999999999926,43.799999999999926,43.799999999999926,43.799999999999926,43.799999999999926,43.799999999999926,43.799999999999926,43.799999999999926,43.799999999999926,43.799999999999926,43.799999999999926,43.799999999999926,43.799999999999926,43.799999999999926,43.799999999999926,43.799999999999926,43.799999999999926,43.799999999999926,43.799999999999926,43.799999999999926,43.799999999999926,43.799999999999926,43.799999999999926,43.799999999999926,43.799999999999926,43.799999999999926,43.799999999999926,43.799999999999926
35,43.699999999999925,43.699999999999925,43.699999999999925,43.699999999999925,43.699999999999925,43.699999999999925,43.699999999999925,43.699999999999925,43.699999999999925,43.699999999999925,43.699999999999925,43.699999999999925,43.699999999999925,43.699999999999925,43.699999999999925,43.699999999999925,43.699999999999925,43.699999999999925,43.699999999999925,43.699999999999925,43.699999999999925,43.699999999999925,43.699999999999925,43.699999999999925,43.699999999999925,43.699999999999925,43.699999999999925,43.699999999999925,43.699999999999925,43.699999999999925,43.699999999999925,43.699999999999925,43.699999999999925,43.699999999999925,43.699999999999925,43.699999999999925,43.699999999999925,43.699999999999925,43.699999999999925,43.699999999999925,43.699999999999925,43.699999999999925,43.699999999999925,43.699999999999925,43.699999999999925,43.699999999999925,43.699999999999925,43.699999999999925,43.699999999999925,43.699999999999925,43.699999999999925,43.699999999999925,43.699999999999925
36,43.59999999999992,43.59999999999992,43.59999999999992,43.59999999999992,43.59999999999992,43.59999999999992,43.59999999999992,43.59999999999992,43.59999999999992,43.59999999999992,43.59999999999992,43.59999999999992,43.59999999999992,43.59999999999992,43.59999999999992,43.59999999999992,43.59999999999992,43.59999999999992,43.59999999999992,43.59999999999992,43.59999999999992,43.59999999999992,43.59999999999992,43.59999999999992,43.59999999999992,43.59999999999992,43.59999999999992,43.59999999999992,43.59999999999992,43.59999999999992,43.59999999999992,43.59999999999992,43.59999999999992,43.59999999999992,43.59999999999992,43.59999999999992,43.59999999999992,43.59999999999992,43.59999999999992,43.59999999999992,43.59999999999992,43.59999999999992,43.59999999999992,43.59999999999992,43.59999999999992,43.59999999999992,43.59999999999992,43.59999999999992,43.59999999999992,43.59999999999992,43.59999999999992,43.59999999999992,43.59999999999992
37,43.49999999999992,43.49999999999992,43.49999999999992,43.49999999999992,43.49999999999992,43.49999999999992,43.49999999999992,43.49999999999992,43.49999999999992,43.49999999999992,43.49999999999992,43.49999999999992,43.49999999999992,43.49999999999992,43.49999999999992,43.49999999999992,43.49999999999992,43.49999999999992,43.49999999999992,43.49999999999992,43.49999999999992,43.49999999999992,43.49999999999992,43.49999999999992,43.49999999999992,43.49999999999992,43.49999999999992,43.49999999999992,43.49999999999992,43.49999999999992,43.49999999999992,43.49999999999992,43.49999999999992,43.49999999999992,43.49999999999992,43.49999999999992,43.49999999999992,43.49999999999992,43.49999999999992,43.49999999999992,43.49999999999992,43.49999999999992,43.49999999999992,43.49999999999992,43.49999999999992,43.49999999999992,43.49999999999992,43.49999999999992,43.49999999999992,43.49999999999992,43.49999999999992,43.49999999999992,43.49999999999992
38,43.39999999999992,43.39999999999992,43.39999999999992,43.39999999999992,43.39999999999992,43.39999999999992,43.39999999999992,43.39999999999992,43.39999999999992,43.39999999999992,43.39999999999992,43.39999999999992,43.39999999999992,43.39999999999992,43.39999999999992,43.39999999999992,43.39999999999992,43.39999999999992,43.39999999999992,43.39999999999992,43.39999999999992,43.39999999999992,43.39999999999992,43.39999999999992,43.39999999999992,43.39999999999992,43.39999999999992,43.39999999999992,43.39999999999992,43.39999999999992,43.39999999999992,43.39999999999992,43.39999999999992,43.39999999999992,43.39999999999992,43.39999999999992,43.39999999999992,43.39999999999992,43.39999999999992,43.39999999999992,43.39999999999992,43.39999999999992,43.39999999999992,43.39999999999992,43.39999999999992,43.39999999999992,43.39999999999992,43.39999999999992,43.39999999999992,43.39999999999992,43.39999999999992,43.39999999999992,43.39999999999992
39,43.29999999999992,43.29999999999992,43.29999999999992,43.29999999999992,43.29999999999992,43.29999999999992,43.29999999999992,43.29999999999992,43.29999999999992,43.29999999999992,43.29999999999992,43.29999999999992,43.29999999999992,43.29999999999992,43.29999999999992,43.29999999999992,43.29999999999992,43.29999999999992,43.29999999999992,43.29999999999992,43.29999999999992,43.29999999999992,43.29999999999992,43.29999999999992,43.29999999999992,43.29999999999992,43.29999999999992,43.29999999999992,43.29999999999992,43.29999999999992,43.29999999999992,43.29999999999992,43.29999999999992,43.29999999999992,43.29999999999992,43.29999999999992,43.29999999999992,43.29999999999992,43.29999999999992,43.29999999999992,43.29999999999992,43.29999999999992,43.29999999999992,43.29999999999992,43.29999999999992,43.29999999999992,43.29999999999992,43.29999999999992,43.29999999999992,43.29999999999992,43.29999999999992,43.29999999999992,43.29999999999992
40,43.19999999999992,43.19999999999992,43.19999999999992,43.19999999999992,43.19999999999992,43.19999999999992,43.19999999999992,43.19999999999992,43.19999999999992,43.19999999999992,43.19999999999992,43.19999999999992,43.19999999999992,43.19999999999992,43.19999999999992,43.19999999999992,43.19999999999992,43.19999999999992,43.19999999999992,43.19999999999992,43.19999999999992,43.19999999999992,43.19999999999992,43.19999999999992,43.19999999999992,43.19999999999992,43.19999999999992,43.19999999999992,43.19999999999992,43.19999999999992,43.19999999999992,43.19999999999992,43.19999999999992,43.19999999999992,43.19999999999992,43.19999999999992,43.19999999999992,43.19999999999992,43.19999999999992,43.19999999999992,43.19999999999992,43.19999999999992,43.19999999999992,43.19999999999992,43.19999999999992,43.19999999999992,43.19999999999992,43.19999999999992,43.19999999999992,43.19999999999992,43.19999999999992,43.19999999999992,43.19999999999992
41,43.099999999999916,43.099999999999916,43.099999999999916,43.099999999999916,43.099999999999916,43.099999999999916,43.099999999999916,43.099999999999916,43.099999999999916,43.099999999999916,43.099999999999916,43.099999999999916,43.099999999999916,43.099999999999916,43.099999999999916,43.099999999999916,43.099999999999916,43.099999999999916,43.099999999999916,43.099999999999916,43.099999999999916,43.099999999999916,43.099999999999916,43.099999999999916,43.099999999999916,43.099999999999916,43.099999999999916,43.099999999999916,43.099999999999916,43.099999999999916,43.099999999999916,43.099999999999916,43.099999999999916,43.099999999999916,43.099999999999916,43.099999999999916,43.099999999999916,43.099999999999916,43.099999999999916,43.099999999999916,43.099999999999916,43.099999999999916,43.099999999999916,43.099999999999916,43.099999999999916,43.099999999999916,43.099999999999916,43.099999999999916,43.099999999999916,43.099999999999916,43.099999999999916,43.099999999999916,43.099999999999916
42,42.999999999999915,42.999999999999915,42.999999999999915,42.999999999999915,42.999999999999915,42.999999999999915,42.999999999999915,42.999999999999915,42.999999999999915,42.999999999999915,42.999999999999915,42.999999999999915,42.999999999999915,42.999999999999915,42.999999999999915,42.999999999999915,42.999999999999915,42.999999999999915,42.999999999999915,42.999999999999915,42.999999999999915,42.999999999999915,42.999999999999915,42.999999999999915,42.999999999999915,42.999999999999915,42.999999999999915,42.999999999999915,42.999999999999915,42.999999999999915,42.999999999999915,42.999999999999915,42.999999999999915,42.999999999999915,42.999999999999915,42.999999999999915,42.999999999999915,42.999999999999915,42.999999999999915,42.999999999999915,42.999999999999915,42.999999999999915,42.999999999999915,42.999999999999915,42.999999999999915,42.999999999999915,42.999999999999915,42.999999999999915,42.999999999999915,42.999999999999915,42.999999999999915,42.999999999999915,42.999999999999915
43,42.89999999999991,42.89999999999991,42.89999999999991,42.89999999999991,42.89999999999991,42.89999999999991,42.89999999999991,42.89999999999991,42.89999999999991,42.89999999999991,42.89999999999991,42.89999999999991,42.89999999999991,42.89999999999991,42.89999999999991,42.89999999999991,42.89999999999991,42.89999999999991,42.89999999999991,42.89999999999991,42.89999999999991,42.89999999999991,42.89999999999991,42.89999999999991,42.89999999999991,42.89999999999991,42.89999999999991,42.89999999999991,42.89999999999991,42.89999999999991,42.89999999999991,42.89999999999991,42.89999999999991,42.89999999999991,42.89999999999991,42.89999999999991,42.89999999999991,42.89999999999991,42.89999999999991,42.89999999999991,42.89999999999991,42.89999999999991,42.89999999999991,42.89999999999991,42.89999999999991,42.89999999999991,42.89999999999991,42.89999999999991,42.89999999999991,42.89999999999991,42.89999999999991,42.89999999999991,42.89999999999991
44,42.79999999999991,42.79999999999991,42.79999999999991,42.79999999999991,42.79999999999991,42.79999999999991,42.79999999999991,42.79999999999991,42.79999999999991,42.79999999999991,42.79999999999991,42.79999999999991,42.79999999999991,42.79999999999991,42.79999999999991,42.79999999999991,42.79999999999991,42.79999999999991,42.79999999999991,42.79999999999991,42.79999999999991,42.79999999999991,42.79999999999991,42.79999999999991,42.79999999999991,42.79999999999991,42.79999999999991,42.79999999999991,42.79999999999991,42.79999999999991,42.79999999999991,42.79999999999991,42.79999999999991,42.79999999999991,42.79999999999991,42.79999999999991,42.79999999999991,42.79999999999991,42.79999999999991,42.79999999999991,42.79999999999991,42.79999999999991,42.79999999999991,42.79999999999991,42.79999999999991,42.79999999999991,42.79999999999991,42.79999999999991,42.79999999999991,42.79999999999991,42.79999999999991,42.79999999999991,42.79999999999991
45,42.69999999999991,42.69999999999991,42.69999999999991,42.69999999999991,42.69999999999991,42.69999999999991,42.69999999999991,42.69999999999991,42.69999999999991,42.69999999999991,42.69999999999991,42.69999999999991,42.69999999999991,42.69999999999991,42.69999999999991,42.69999999999991,42.69999999999991,42.69999999999991,42.69999999999991,42.69999999999991,42.69999999999991,42.69999999999991,42.69999999999991,42.69999999999991,42.69999999999991,42.69999999999991,42.69999999999991,42.69999999999991,42.69999999999991,42.69999999999991,42.69999999999991,42.69999999999991,42.69999999999991,42.69999999999991,42.69999999999991,42.69999999999991,42.69999999999991,42.69999999999991,42.69999999999991,42.69999999999991,42.69999999999991,42.69999999999991,42.69999999999991,42.69999999999991,42.69999999999991,42.69999999999991,42.69999999999991,42.69999999999991,42.69999999999991,42.69999999999991,42.69999999999991,42.69999999999991,42.69999999999991
46,42.59999999999991,42.59999999999991,42.59999999999991,42.59999999999991,42.59999999999991,42.59999999999991,42.59999999999991,42.59999999999991,42.59999999999991,42.59999999999991,42.59999999999991,42.59999999999991,42.59999999999991,42.59999999999991,42.59999999999991,42.59999999999991,42.59999999999991,42.59999999999991,42.59999999999991,42.59999999999991,42.59999999999991,42.59999999999991,42.59999999999991,42.59999999999991,42.59999999999991,42.59999999999991,42.59999999999991,42.59999999999991,42.59999999999991,42.59999999999991,42.59999999999991,42.59999999999991,42.59999999999991,42.59999999999991,42.59999999999991,42.59999999999991,42.59999999999991,42.59999999999991,42.59999999999991,42.59999999999991,42.59999999999991,42.59999999999991,42.59999999999991,42.59999999999991,42.59999999999991,42.59999999999991,42.59999999999991,42.59999999999991,42.59999999999991,42.59999999999991,42.59999999999991,42.59999999999991,42.59999999999991
47,42.49999999999991,42.49999999999991,42.49999999999991,42.49999999999991,42.49999999999991,42.49999999999991,42.49999999999991,42.49999999999991,42.49999999999991,42.49999999999991,42.49999999999991,42.49999999999991,42.49999999999991,42.49999999999991,42.49999999999991,42.49999999999991,42.49999999999991,42.49999999999991,42.49999999999991,42.49999999999991,42.49999999999991,42.49999999999991,42.49999999999991,42.49999999999991,42.49999999999991,42.49999999999991,42.49999999999991,42.49999999999991,42.49999999999991,42.49999999999991,42.49999999999991,42.49999999999991,42.49999999999991,42.49999999999991,42.49999999999991,42.49999999999991,42.49999999999991,42.49999999999991,42.49999999999991,42.49999999999991,42.49999999999991,42.49999999999991,42.49999999999991,42.49999999999991,42.49999999999991,42.49999999999991,42.49999999999991,42.49999999999991,42.49999999999991,42.49999999999991,42.49999999999991,42.49999999999991,42.49999999999991
48,42.399999999999906,42.399999999999906,42.399999999999906,42.399999999999906,42.399999999999906,42.399999999999906,42.399999999999906,42.399999999999906,42.399999999999906,42.399999999999906,42.399999999999906,42.399999999999906,42.399999999999906,42.399999999999906,42.399999999999906,42.399999999999906,42.399999999999906,42.399999999999906,42.399999999999906,42.399999999999906,42.399999999999906,42.399999999999906,42.399999999999906,42.399999999999906,42.399999999999906,42.399999999999906,42.399999999999906,42.399999999999906,42.399999999999906,42.399999999999906,42.399999999999906,42.399999999999906,42.399999999999906,42.399999999999906,42.399999999999906,42.399999999999906,42.399999999999906,42.399999999999906,42.399999999999906,42.399999999999906,42.399999999999906,42.399999999999906,42.399999999999906,42.399999999999906,42.399999999999906,42.399999999999906,42.399999999999906,42.399999999999906,42.399999999999906,42.399999999999906,42.399999999999906,42.399999999999906,42.399999999999906
49,42.299999999999905,42.299999999999905,42.299999999999905,42.299999999999905,42.299999999999905,42.299999999999905,42.299999999999905,42.299999999999905,42.299999999999905,42.299999999999905,42.299999999999905,42.299999999999905,42.299999999999905,42.299999999999905,42.299999999999905,42.299999999999905,42.299999999999905,42.299999999999905,42.299999999999905,42.299999999999905,42.299999999999905,42.299999999999905,42.299999999999905,42.299999999999905,42.299999999999905,42.299999999999905,42.299999999999905,42.299999999999905,42.299999999999905,42.299999999999905,42.299999999999905,42.299999999999905,42.299999999999905,42.299999999999905,42.299999999999905,42.299999999999905,42.299999999999905,42.299999999999905,42.299999999999905,42.299999999999905,42.299999999999905,42.299999999999905,42.299999999999905,42.299999999999905,42.299999999999905,42.299999999999905,42.299999999999905,42.299999999999905,42.299999999999905,42.299999999999905,42.299999999999905,42.299999999999905,42.299999999999905
50,42.1999999999999,42.1999999999999,42.1999999999999,42.1999999999999,42.1999999999999,42.1999999999999,42.1999999999999,42.1999999999999,42.1999999999999,42.1999999999999,42.1999999999999,42.1999999999999,42.1999999999999,42.1999999999999,42.1999999999999,42.1999999999999,42.1999999999999,42.1999999999999,42.1999999999999,42.1999999999999,42.1999999999999,42.1999999999999,42.1999999999999,42.1999999999999,42.1999999999999,42.1999999999999,42.1999999999999,42.1999999999999,42.1999999999999,42.1999999999999,42.1999999999999,42.1999999999999,42.1999999999999,42.1999999999999,42.1999999999999,42.1999999999999,42.1999999999999,42.1999999999999,42.1999999999999,42.1999999999999,42.1999999999999,42.1999999999999,42.1999999999999,42.1999999999999,42.1999999999999,42.1999999999999,42.1999999999999,42.1999999999999,42.1999999999999,42.1999999999999,42.1999999999999,42.1999999999999,42.1999999999999
51,42.0999999999999,42.0999999999999,42.0999999999999,42.0999999999999,42.0999999999999,42.0999999999999,42.0999999999999,42.0999999999999,42.0999999999999,42.0999999999999,42.0999999999999,42.0999999999999,42.0999999999999,42.0999999999999,42.0999999999999,42.0999999999999,42.0999999999999,42.0999999999999,42.0999999999999,42.0999999999999,42.0999999999999,42.0999999999999,42.0999999999999,42.0999999999999,42.0999999999999,42.0999999999999,42.0999999999999,42.0999999999999,42.0999999999999,42.0999999999999,42.0999999999999,42.0999999999999,42.0999999999999,42.0999999999999,42.0999999999999,42.0999999999999,42.0999999999999,42.0999999999999,42.0999999999999,42.0999999999999,42.0999999999999,42.0999999999999,42.0999999999999,42.0999999999999,42.0999999999999,42.0999999999999,42.0999999999999,42.0999999999999,42.0999999999999,42.0999999999999,42.0999999999999,42.0999999999999,42.0999999999999
52,42.0,42.0,42.0,42.0,42.0,42.0,42.0,42.0,42.0,42.0,42.0,42.0,42.0,42.0,42.0,42.0,42.0,42.0,42.0,42.0,42.0,42.0,42.0,42.0,42.0,42.0,42.0,42.0,42.0,42.0,42.0,42.0,42.0,42.0,42.0,42.0,42.0,42.0,42.0,42.0,42.0,42.0,42.0,42.0,42.0,42.0,42.0,42.0,42.0,42.0,42.0,42.0,42.0
